1000memories,1000memories.com
140 Proof,140proof.com
5th Finger,5thFinger.com
5th Finger,5thFinger.com
Addvocate,addvocate.com
Addvocate,addvocate.com
AdStage,adstage.io
AdStage,adstage.io
Adteractive,adteractive.com
Adteractive,adteractive.com
AirPR,airpr.com
AirPR,airpr.com
Allvoices,allvoices.com
Allvoices,allvoices.com
AlphaClone,alphaclone.com
AlphaClone,alphaclone.com
Amitive,amitive.com
Amitive,amitive.com
Anchor,AnchorWorks.com
Anchor,AnchorWorks.com
Apcera,apcera.com
Apcera,apcera.com
Appcentral,appcentral.com
Appcentral,appcentral.com
AppMesh,appme.sh
AppMesh,appme.sh
Appthority,appthority.com
Appthority,appthority.com
Aruspex,aruspex.com
Aruspex,aruspex.com
BackOps,backops.co
BackOps,backops.co
Bay Dynamics,baydynamics.com
Bay Dynamics,baydynamics.com
Benchling,benchling.com
Benchling,benchling.com
Bevalley,bevalley.com
Bevalley,bevalley.com
BigTent Design,bigtent.com
BigTent Design,bigtent.com
BioPro Pharmaceutical,biopropharm.com
BioPro Pharmaceutical,biopropharm.com
Bloc,bloc.io
Bloc,bloc.io
BloomThat,bloomthat.com
BloomThat,bloomthat.com
Bluenose Analytics,bluenose.com
Bluenose Analytics,bluenose.com
BlueSprig,bluesprig.com
BlueSprig,bluesprig.com
BO.LT,bo.lt
BO.LT,bo.lt
Boombotix,boombotix.com
Boombotix,boombotix.com
Boxbe,boxbe.com
Boxbe,boxbe.com
Brandcast,brandcast.com
Brandcast,brandcast.com
Breaktime Studios,breaktimestudios.com
Breaktime Studios,breaktimestudios.com
Breezeworks,breezeworks.com
Breezeworks,breezeworks.com
Brit + Co,brit.co
Brit + Co,brit.co
Browster,
Browster,
Bubble Gum Interactive,jetpackjinx.com
Buffer,bufferapp.com
Buffer,bufferapp.com
Bugcrowd,bugcrowd.com
Bugcrowd,bugcrowd.com
Calm.io,calm.io
Calm.io,calm.io
Camino Real,blip.me
Camino Real,blip.me
Capillary Technologies,capillarytech.com
Capillary Technologies,capillarytech.com
CARDFREE,cardfree.com
CARDFREE,cardfree.com
Catch.com,catch.com
Catch.com,catch.com
Causata,causata.com
Causata,causata.com
CellScope,cellscope.com
CellScope,cellscope.com
Chain.com,chain.com
Chain.com,chain.com
Chariot,ridechariot.com
Chariot,ridechariot.com
Checkr,checkr.io
Checkr,checkr.io
Cherry,cherry.com
Cherry,cherry.com
Chute,getchute.com
Chute,getchute.com
CircleCI,circleci.com
CircleCI,circleci.com
CITTIO,cittio.com
CITTIO,cittio.com
ClassDojo,classdojo.com
ClassDojo,classdojo.com
CleanFish,cleanfish.com
CleanFish,cleanfish.com
Cloud4Wi,cloud4wi.com
Cloud4Wi,cloud4wi.com
Cloud9 IDE,cloud9ide.com
Cloud9 IDE,cloud9ide.com
Cloudability,cloudability.com
Cloudability,cloudability.com
Cloudscaling,cloudscaling.com
Cloudscaling,cloudscaling.com
Connect,connect.com
Connect,connect.com
Content Analytics,marketwired.com
Convo,convo.com
Convo,convo.com
Couple,couple.me
Couple,couple.me
Cuff,cuff.io
Cuff,cuff.io
Current Media,current.com
Current Media,current.com
Cyterix Pharmaceuticals,cyterix.com
Cyterix Pharmaceuticals,cyterix.com
DataHero,datahero.com
DataHero,datahero.com
digit.co,digit.co
digit.co,digit.co
Directly,directly.com
Directly,directly.com
DIY,diy.org
DIY,diy.org
dloHaiti,dlohaiti.com
dloHaiti,dlohaiti.com
Dolphin Browser,dolphin.com
Dolphin Browser,dolphin.com
dotloop,dotloop.com
dotloop,dotloop.com
DroneDeploy,dronedeploy.com
DroneDeploy,dronedeploy.com
Earnest,meetearnest.com
Earnest,meetearnest.com
Elevate,elevateapp.com
Elevate,elevateapp.com
Emotive Communications,emotive.com
Emotive Communications,emotive.com
Evergram,evergramapp.com
Evergram,evergramapp.com
Expect Labs,expectlabs.com
Expect Labs,expectlabs.com
Factor Technology Group,factortg.com
Factor Technology Group,factortg.com
Fanbase,fanbase.com
Fanbase,fanbase.com
Flux Factory,flux.io
Flux Factory,flux.io
Food Runner,foodrunners.org
Food Runner,foodrunners.org
Fotomoto,fotomoto.com
Fotomoto,fotomoto.com
Fronto,fronto.co
Fronto,fronto.co
Fuego Nation,fuegonation.com
Fuego Nation,fuegonation.com
GameLayers,gamelayers.com
GameLayers,gamelayers.com
Gemmus Pharma,gemmuspharma.com
Gemmus Pharma,gemmuspharma.com
Genbook,genbook.com
Genbook,genbook.com
GetMyBoat,getmyboat.com
GetMyBoat,getmyboat.com
GleeMaster,
GleeMaster,
GoalSpring Financial,goalspring.com
GoalSpring Financial,goalspring.com
Goodreads,goodreads.com
Goodreads,goodreads.com
Greenlots,greenlots.com
Greenlots,greenlots.com
Gumroad,gumroad.com
Gumroad,gumroad.com
HackerOne,hackerone.com
HackerOne,hackerone.com
Hammer & Chisel,hammerandchisel.com
Hammer & Chisel,hammerandchisel.com
Handle,handle.com
Handle,handle.com
Handpick,handpick.com
Handpick,handpick.com
Heirloom Computing,heirloomcomputing.com
Heirloom Computing,heirloomcomputing.com
Honor,joinhonor.com
Honor,joinhonor.com
Hooked Media Group,hookedmediagroup.com
Hooked Media Group,hookedmediagroup.com
HotPads,hotpads.com
HotPads,hotpads.com
imgix,imgix.com
imgix,imgix.com
Index,index.com
Index,index.com
inDinero,indinero.com
inDinero,indinero.com
InteliWISE USA,inteliwise.com
InteliWISE USA,inteliwise.com
InvestLab,investlab.com
InvestLab,investlab.com
Ivivi health sciences,ivivihealthsciences.com
Ivivi health sciences,ivivihealthsciences.com
Kaggle,kaggle.com
Kaizen Platform,kaizenplatform.com
Kaizen Platform,kaizenplatform.com
Keaton Row,keatonrow.com
Keaton Row,keatonrow.com
Keen IO,keen.io
Keen IO,keen.io
Kiwi,chatous.com
Kiwi,chatous.com
Layer,layer.com
Layer,layer.com
Leanplum,leanplum.com
Leanplum,leanplum.com
Level Money,levelmoney.com
Level Money,levelmoney.com
Lever,lever.co
Lever,lever.co
LicenseStream,licensestream.com
LicenseStream,licensestream.com
Lift Worldwide,lift.do
Lift Worldwide,lift.do
Linqia,linqia.com
Linqia,linqia.com
Lob,lob.com
Lob,lob.com
LocBox,locbox.com
LocBox,locbox.com
Looksharp,looksharp.co
Looksharp,looksharp.co
Madison Reed,madison-reed.com
Madison Reed,madison-reed.com
Mamapedia.com & Mamasource.com,mamapedia.com
Mamapedia.com & Mamasource.com,mamapedia.com
Mango Health,mangohealth.com
Mango Health,mangohealth.com
Marketcetera,marketcetera.com
Marketcetera,marketcetera.com
Massdrop,massdrop.com
Massdrop,massdrop.com
Mattermark,mattermark.com
Mattermark,mattermark.com
ME911,me911.com
ME911,me911.com
Media Machines,mediamachines.wordpress.com
Media Machines,mediamachines.wordpress.com
MetaCDN,metacdn.com
MetaCDN,metacdn.com
Miselu,miselu.com
Miselu,miselu.com
Miyowa,miyowa.com
Miyowa,miyowa.com
MoboTap,mobotap.com
MoboTap,mobotap.com
Muzooka,Muzooka.com
Muzooka,Muzooka.com
MyHealthTeams,myhealthteams.com
MyHealthTeams,myhealthteams.com
MyLikes,mylikes.com
MyLikes,mylikes.com
Netbooks,netbooks.com
Netbooks,netbooks.com
Nextbit Systems,nextbit.com
Nextbit Systems,nextbit.com
Ninja RMM,msp.ninja
Ninja RMM,msp.ninja
Nodeable,nodeable.com
Nodeable,nodeable.com
NuConomy,nuconomy.com
NuConomy,nuconomy.com
Nylas,nylas.com
Nylas,nylas.com
Occipital,occipital.com
Occipital,occipital.com
Organizer,organizer.com
Organizer,organizer.com
Orion,orionlabs.co
Orion,orionlabs.co
Other Machine Company,othermachine.co
Other Machine Company,othermachine.co
Palamida,palamida.com
Palamida,palamida.com
Pathbrite,pathbrite.com
Pathbrite,pathbrite.com
Patreon,patreon.com
Patreon,patreon.com
Penguin Computing,penguincomputing.com
Penguin Computing,penguincomputing.com
Perfect Escapes,perfectescapes.com
Perfect Escapes,perfectescapes.com
Phizzle,phizzle.com
Phizzle,phizzle.com
PicApp,vimeo.com
PicApp,vimeo.com
Pipewise,pipewise.com
Pipewise,pipewise.com
Pixelpipe,pixelpipe.com
Pocket Gems,pocketgems.com
Pocket Gems,pocketgems.com
PocketMath,pocketmath.com
PocketMath,pocketmath.com
PopJax,popjax.com
PopJax,popjax.com
Prismatic,getprismatic.com
Prismatic,getprismatic.com
Product Hunt,producthunt.com
Product Hunt,producthunt.com
Pudding Media,puddingmedia.com
Pudding Media,puddingmedia.com
Quid,quid.com
Quid,quid.com
Rally.org,rally.org
Rally.org,rally.org
Readyforce,readyforce.com
Readyforce,readyforce.com
ReadyForZero,ReadyForZero.com
ReadyForZero,ReadyForZero.com
RealtyShares,realtyshares.com
RealtyShares,realtyshares.com
Related Content Database (RCDb),rcdb.net
Related Content Database (RCDb),rcdb.net
Remixation,showyou.com
Remixation,showyou.com
Rev,rev.com
Rev,rev.com
RidePal,ridepal.com
RidePal,ridepal.com
Rinse,rinse.com
Rinse,rinse.com
Roc2Loc,roc2loc.com
Roc2Loc,roc2loc.com
Runscope,runscope.com
Runscope,runscope.com
Saygent,saygent.com
Saygent,saygent.com
Scrybe,
Scrybe,
SeeControl,seecontrol.com
SeeControl,seecontrol.com
Segment,segment.com
Segment,segment.com
Singly,singly.com
Singly,singly.com
SmartTurn a DiCentral Company,smartturn.com
SmartTurn a DiCentral Company,smartturn.com
Social Eyes,socialeyes.com
Social Eyes,socialeyes.com
SocialMatica,socialmatica.com
SocialMatica,socialmatica.com
Soldsie,soldsie.com
Soldsie,soldsie.com
Sourcebits,sourcebits.com
Sourcebits,sourcebits.com
SpineGuard,spineguard.com
SpineGuard,spineguard.com
SpongeFish,spongefish.com
SpongeFish,spongefish.com
Sportgenic,sportgenic.com
Sportgenic,sportgenic.com
Spreecast,spreecast.com
Spreecast,spreecast.com
SRC:CLR,sourceclear.com
SRC:CLR,sourceclear.com
Staance,staance.com
Staance,staance.com
Stackmob,stackmob.com
Stackmob,stackmob.com
StandardNine,standardnine.com
StandardNine,standardnine.com
Startforce,startforce.com
Startforce,startforce.com
storehouse,storehouse.co
storehouse,storehouse.co
Storenvy,storenvy.com
Storenvy,storenvy.com
StyleSeat,styleseat.com
Swivel,swivel.com
Swivel,swivel.com
Taptera,taptera.com
Taptera,taptera.com
TenXer,tenXer.com
TenXer,tenXer.com
Thanx,thanx.com
Thanx,thanx.com
ThirdMotion,thirdmotion.com
ThirdMotion,thirdmotion.com
Thrillist.com,thrillist.com
Thrillist.com,thrillist.com
Tipbit,tipbit.com
Tipbit,tipbit.com
Triptrotting,triptrotting.com
Triptrotting,triptrotting.com
TrueAccord,trueaccord.com
TrueAccord,trueaccord.com
Trumaker,trumaker.com
Trumaker,trumaker.com
uBiome,ubiome.com
uBiome,ubiome.com
Unmetric,unmetric.com
Unmetric,unmetric.com
URX,urx.com
URX,urx.com
Veeker,veeker.com
Veeker,veeker.com
Vinfolio,vinfolio.com
Vinfolio,vinfolio.com
VoxPop Network,voxpop.tv
VoxPop Network,voxpop.tv
Vulcun,vulcun.com
Vulcun,vulcun.com
Vurb,vurb.com
Vurb,vurb.com
WatchWith,watchwith.com
WatchWith,watchwith.com
Waterfall,waterfall.com
Waterfall,waterfall.com
WaterSmart Software,watersmart.com
WaterSmart Software,watersmart.com
We Heart It,weheartit.com
We Heart It,weheartit.com
Weddington Way,weddingtonway.com
Weddington Way,weddingtonway.com
Weemo,weemo.com
Weemo,weemo.com
Widgetbox,widgetbox.com
Widgetbox,widgetbox.com
Work4,work4labs.com
Work4,work4labs.com
Yevvo,yevvo.com
Yevvo,yevvo.com
Zaarly,zaarly.com
Zaarly,zaarly.com
Zannel,zannel.com
Zannel,zannel.com
Zirtual,zirtual.com
Zirtual,zirtual.com
Zivity,zivity.com
Zivity,zivity.com
ZypMedia,zypmedia.com
ZypMedia,zypmedia.com